sequence_id,type,start,end,strand,locus_tag_bakta,gene,flag,product,dbxrefs,name_auto,name,edit_source
plasmid1,replicon,1,978,,,,repregion,,,,FIB 1 ,
plasmid1,cds,1,978,+,CS12_04913,repB,cds,RepFIB replication protein A,"GO:0003677, GO:0003887, GO:0006270, GO:0006276, RefSeq:WP_000361611.1, SO:0001217, UniParc:UPI0000003E05, UniRef:UniRef100_P0A254, UniRef:UniRef50_Q57154, UniRef:UniRef90_Q57154",repB,repB,
plasmid1,cds,1054,1173,-,CS12_04914,,cds,hypothetical protein,"SO:0001217, UniParc:UPI0001662ED2, UniRef:UniRef100_B1P7J0, UniRef:UniRef50_A0A075MEU3, UniRef:UniRef90_A0A075MEU3",hypothetical protein,,
plasmid1,cds,1263,2003,-,CS12_04915,intM,cds,putative site-specific recombinase,"GO:0003677, GO:0006310, GO:0015074, RefSeq:WP_001066953.1, SO:0001217, UniParc:UPI0000495FA4, UniRef:UniRef100_Q3L7I3, UniRef:UniRef50_P56979, UniRef:UniRef90_P56979",intM,intM,
plasmid1,cds,2679,3848,+,CS12_04916,,cds,Inner membrane protein,"RefSeq:WP_001072358.1, SO:0001217, UniParc:UPI0001887AA3, UniRef:UniRef100_C8CGL0, UniRef:UniRef50_A0A0H3CW54, UniRef:UniRef90_W1WT74",Inner membrane protein,,
plasmid1,cds,4064,4177,+,CS12_04917,tnp,cds,Transposase,"SO:0001217, UniParc:UPI000176B3EA, UniRef:UniRef100_A0A0G3B447, UniRef:UniRef50_A0A376ZRZ3, UniRef:UniRef90_A0A376ZRZ3",tnp,tnp,
plasmid1,IS_ir,5155,5171,,,,IS_ir,,,IS3_ir,IS2_ir,
plasmid1,insertion sequence,5155,6043,-,,,IS,,,IS2,IS2,
plasmid1,cds,5563,5928,-,CS12_04918,tnp,cds,IS3 family IS2 transposase ORF A,"COG:COG2963, COG:X, GO:0003677, GO:0004803, GO:0006313, IS:IS2, RefSeq:WP_000567766.1, SO:0001217, UniParc:UPI00000002A2, UniRef:UniRef100_P0C5W3, UniRef:UniRef50_P0CF60, UniRef:UniRef90_P0C5W3",tnpA,tnpA,
plasmid1,IS_ir,6027,6043,,,,IS_ir,,,IS3_ir,IS2_ir,
plasmid1,cds,6210,8180,+,CS12_04919,,cds,Heme/hemopexin utilization protein C,"KEGG:K16087, RefSeq:WP_001496335.1, SO:0001217, UniParc:UPI00028E1072, UniRef:UniRef100_A0A0E3V262, UniRef:UniRef50_A0A0E3V262, UniRef:UniRef90_A0A0E3V262",Heme/hemopexin utilization protein C,,
plasmid1,cds,8187,8978,+,CS12_04920,,cds,ABC transporter,"RefSeq:WP_000977394.1, SO:0001217, UniParc:UPI000176B427, UniRef:UniRef100_C8CGK7, UniRef:UniRef50_C8CGK7, UniRef:UniRef90_C8CGK7",ABC transporter,,
plasmid1,IS_ir,9004,9053,,,,IS_ir,,,,ISEc22_IRR,
plasmid1,cds,9041,9651,-,CS12_04921,,cds,Transposase and inactivated derivatives Insertion at  9650 ,"SO:0001217, UniRef:UniRef50_W1XCD0, UniRef:UniRef90_A0A0K2YQL4",tnp inactivated,∆tnp,
plasmid1,IS_ir,9651,9700,-,,,IS_ir,,,,IS100_IRR,
plasmid1,insertion sequence,9651,11604,-,,,IS,,,IS100kyp,IS100,
plasmid1,cds,9717,10496,-,CS12_04922,istB,cds,IS21-like element IS100kyp family helper ATPase IstB,"BlastRules:WP_001667685, COG:COG1484, COG:L, GO:0005524, RefSeq:WP_001297096.1, SO:0001217, UniParc:UPI00000DCDC0, UniRef:UniRef100_A0A377BQS6, UniRef:UniRef50_A0A9P6UTY7, UniRef:UniRef90_A0A377BQS6",istB,IS100 istB,
plasmid1,cds,10496,11518,-,CS12_04923,tnp,cds,IS21 family IS100 transposase,"COG:COG4584, COG:X, GO:0004803, IS:IS100, RefSeq:WP_000255956.1, SO:0001217, UniParc:UPI00015C4CEF, UniRef:UniRef100_A0A061LMJ4, UniRef:UniRef50_Q93K87, UniRef:UniRef90_Q93K87",tnp,IS100 tnp,
plasmid1,IS_ir,11555,11604,-,,,IS_ir,,,,IS100_IRL,
plasmid1,insertion sequence,11605,12933,-,,,IS,,,ISCfr14,ISEc22,ISFinder DB
plasmid1,cds,11610,12290,-,CS12_04924,tnpC,cds,IS66 family transposase,"GO:0004803, SO:0001217, UniParc:UPI0002A2CFAC, UniRef:UniRef100_A0A1B2H7K3, UniRef:UniRef50_A0A8S0G4I3, UniRef:UniRef90_A0A1B2H7K3",tnpC,∆tnpC,
plasmid1,cds,12292,12549,-,CS12_04925,,cds,Family element,"RefSeq:WP_001332798.1, SO:0001217, UniParc:UPI00005EFD27, UniRef:UniRef100_A0A086TMX8, UniRef:UniRef50_A0A379U105, UniRef:UniRef90_A0A086TMX8",tnp,∆tnp,
plasmid1,cds,12598,12891,-,CS12_04926,tnpB,cds,IS66 family insertion sequence element accessory protein TnpB,"COG:COG3436, COG:X, RefSeq:WP_001243643.1, SO:0001217, UniParc:UPI00005F26F9, UniRef:UniRef100_C8CGK2, UniRef:UniRef50_C8CGK2, UniRef:UniRef90_C8CGK2",tnpB,∆tnpB,
plasmid1,IS_ir,12934,12983,,,,IS_ir,,,IS26_ir,IS26_IRL,
plasmid1,insertion sequence,12934,13753,+,,,IS,,,IS26,IS26,
plasmid1,antimicrobial_resistance_region,12934,16758,,,,ARR,is26-flanked unit,MobileElementFinder_inferred,cn_3825_IS26,ARR1,
plasmid1,cds,12997,13701,+,CS12_04927,tnp,cds,IS6 family IS15DIV transposase,"COG:COG3316, COG:X, GO:0004803, IS:IS15DIV, RefSeq:WP_001067855.1, SO:0001217, UniParc:UPI0000003DD8, UniRef:UniRef100_A0A6H1PZP7, UniRef:UniRef50_Q573Q1, UniRef:UniRef90_A0A6H1PZP7",tnp,IS26 tnp,
plasmid1,cds,13592,14194,-,CS12_04928,catB3,amr,type B-3 chloramphenicol O-acetyltransferase CatB3,"NCBIProtein:WP_000186237.1, SO:0001217, UniRef:UniRef50_C7S9D1, UniRef:UniRef90_A0A0K2YT00",catB3,∆catB3,
plasmid1,CALIN,13592,15892,,,,CALIN,,,integron_01,CALIN_1,
plasmid1,IS_ir,13704,13753,,,,IS_ir,,,IS26_ir,IS26_IRR,
plasmid1,integron,14223,14312,-,,,attC,,,attC,attC,
plasmid1,cds,14332,15207,-,CS12_04929,blaOXA-1,amr,OXA-1 family class D beta-lactamase,"COG:COG2602, COG:V, EC:3.5.2.6, GO:0008658, GO:0008800, GO:0017001, GO:0042597, GO:0046677, NCBIProtein:WP_001334766.1, SO:0001217, UniParc:UPI0001B22EC6, UniRef:UniRef100_P13661, UniRef:UniRef50_P13661, UniRef:UniRef90_P13661",blaOXA-1,blaOXA-1,
plasmid1,integron,15227,15298,-,,,attC,,,attC,attC,
plasmid1,cds,15293,15892,-,CS12_04930,aac(6')-Ib-cr5,amr,fluoroquinolone-acetylating aminoglycoside 6'-N-acetyltransferase AAC(6')-Ib-cr,"EC:2.3.1.82, KEGG:K19278, NCBIProtein:WP_063840321.1, RefSeq:WP_001749987.1, SO:0001217, UniParc:UPI00002265A7, UniRef:UniRef100_C7S9C9, UniRef:UniRef50_P19650, UniRef:UniRef90_C7S9C9",aac(6')-Ib-cr5,aac(6')-Ib-cr5,
plasmid1,IS_ir,15939,15988,,,,IS_ir,,,IS26_ir,IS26_IRR,
plasmid1,insertion sequence,15939,16758,-,,,IS,,,IS26,IS26,
plasmid1,cds,15991,16695,-,CS12_04931,tnp,cds,IS6 family IS15DIV transposase,"COG:COG3316, COG:X, GO:0004803, IS:IS15DIV, RefSeq:WP_001067855.1, SO:0001217, UniParc:UPI0000003DD8, UniRef:UniRef100_A0A6H1PZP7, UniRef:UniRef50_Q573Q1, UniRef:UniRef90_A0A6H1PZP7",tnp,IS26 tnp,
plasmid1,IS_ir,16709,16758,,,,IS_ir,,,IS26_ir,IS26_IRL,
plasmid1,cds,16720,19167,+,CS12_04932,,cds,"Tn3 family transposase missing N terminus, 90% match to ISSba14","GO:0004803, SO:0001217, UniParc:UPI00028EF69D, UniRef:UniRef100_A0A974XJA4, UniRef:UniRef50_P08504, UniRef:UniRef90_A0A0K2YQQ3",Tn3 family transposase,Tn3 ∆tnpA,
plasmid1,cds,19344,20087,-,CS12_04933,,cds,Glucose-1-phosphatase,"RefSeq:WP_000733497.1, SO:0001217, UniParc:UPI0001DBD104, UniRef:UniRef100_A0A0J3XW08, UniRef:UniRef50_A0A0J3XW08, UniRef:UniRef90_A0A0J3XW08",Glucose-1-phosphatase,agp,based on uniref100
plasmid1,cds,20209,20694,-,CS12_04934,,cds,"Sigma-70, region 4","RefSeq:WP_000874189.1, SO:0001217, UniParc:UPI0000043ADE, UniRef:UniRef100_B1VCI8, UniRef:UniRef50_A0A0F6TUB3, UniRef:UniRef90_A0A6L9ACC5","Sigma-70, region 4",Sigma-70 region 4,based on uniref100
plasmid1,cds,20719,21204,-,CS12_04935,,cds,Thioredoxin domain-containing protein,"RefSeq:WP_001267176.1, SO:0001217, UniParc:UPI0000043ADF, UniRef:UniRef100_B7LIY6, UniRef:UniRef50_A0A4R1NR14, UniRef:UniRef90_A8AI63",Thioredoxin domain-containing protein,,based on uniref100
plasmid1,cds,21191,21886,-,CS12_04936,,cds,ABC transporter ATP-binding protein,"RefSeq:WP_000117262.1, SO:0001217, UniParc:UPI0000043AE0, UniRef:UniRef100_B1VCI6, UniRef:UniRef50_B1VCI6, UniRef:UniRef90_B1VCI6",ABC transporter ATP-binding protein,lolD,based on uniref100
plasmid1,cds,21891,23021,-,CS12_04937,,cds,ABC transporter permease,"RefSeq:WP_000729219.1, SO:0001217, UniParc:UPI00022BC185, UniRef:UniRef100_A0A0J3UWD0, UniRef:UniRef50_A0A0J3UWD0, UniRef:UniRef90_A0A0J3UWD0",ABC transporter permease,macB_1,based on uniref100
plasmid1,cds,23011,24294,-,CS12_04938,,cds,ABC transport permease,"RefSeq:WP_000964653.1, SO:0001217, UniParc:UPI0000043AE2, UniRef:UniRef100_B1VCI4, UniRef:UniRef50_B1VCI4, UniRef:UniRef90_B1VCI4",ABC transport permease,ybjZ,based on uniref100
plasmid1,cds,24297,25676,-,CS12_04939,,cds,DUF2318 domain-containing protein,"RefSeq:WP_000119836.1, SO:0001217, UniParc:UPI0000043AE3, UniRef:UniRef100_B1VCI3, UniRef:UniRef50_W0I1A3, UniRef:UniRef90_A0A7U9IU00",DUF2318 domain-containing protein,,based on uniref100
plasmid1,cds,25780,26307,-,CS12_04940,tpd,cds,Iron transporter,"COG:COG3470, COG:MI, KEGG:K07230, RefSeq:WP_000178050.1, SO:0001217, UniParc:UPI0000043AE4, UniRef:UniRef100_C7S9U8, UniRef:UniRef50_Q9CNH9, UniRef:UniRef90_A8AI68",tpd,tpd,based on uniref100
plasmid1,cds,26348,28288,-,CS12_04941,,cds,FTR1 family iron permease,"KEGG:K07243, SO:0001217, UniParc:UPI0001CF5940, UniRef:UniRef100_A0A067H9F4, UniRef:UniRef50_A0A0W8JF71, UniRef:UniRef90_A0A8H9NS06",FTR1 family iron permease,efeU,based on uniref100
plasmid1,cds,28581,29342,-,CS12_04942,,cds,Na(+)-translocating NADH-quinone reductase subunit C,"RefSeq:WP_001225378.1, SO:0001217, UniParc:UPI0000043AE6, UniRef:UniRef100_B1VCI0, UniRef:UniRef50_A0A443VGG3, UniRef:UniRef90_B1VCI0",Na(+)-translocating NADH-quinone reductase subunit C,nqrC-like,based on uniref100
plasmid1,cds,29579,30085,-,CS12_04943,,cds,Alkyl hydroperoxide reductase,"RefSeq:WP_000949452.1, SO:0001217, UniParc:UPI00005051FE, UniRef:UniRef100_A0A061Y5K1, UniRef:UniRef50_A0A085GBW5, UniRef:UniRef90_A0A061Y5K1",Alkyl hydroperoxide reductase,stoA,based on uniref100
plasmid1,cds,30075,30233,-,CS12_04944,,cds,Thioredoxin domain-containing protein,"RefSeq:WP_000449408.1, SO:0001217, UniParc:UPI00005EFB7E, UniRef:UniRef100_A0A0J3UW48, UniRef:UniRef50_A0A379S8L7, UniRef:UniRef90_A8AI73",Thioredoxin domain-containing protein,scsC,based on uniref100
plasmid1,IS_ir,30480,30529,,,,IS_ir,,,IS4_ir,IS10R_IRL,Tncentral
plasmid1,Tn,30480,30640,,,,Tn,,,,∆Tn10-like,
plasmid1,,30480,30640,,,,IS,,,,∆IS10R,
plasmid1,antimicrobial_resistance_region,30480,57858,,,,ARR,,,,ARR2,
plasmid1,ncRNA,30525,30594,-,CS12_04945,RNA-OUT,ncRNA,RNA-OUT,"RFAM:RF00240, SO:0000655",RNA-OUT,RNA-OUT,
plasmid1,IS_dr,30632,30640,,,,IS_dr,,,,9 bp DR,Tncentral
plasmid1,IS_ir,30641,30690,,,,IS_ir,,,,IS1_IRL,Tncentral
plasmid1,insertion sequence,30641,31408,,,,IS,,,,IS1,Tncentral
plasmid1,,30641,37764,,,,Cn,,,,,
plasmid1,cds,30729,30944,-,CS12_04946,insB,cds,InsB,"RefSeq:WP_000829826.1, SO:0001217, UniParc:UPI0001642701, UniRef:UniRef100_B0LHG4, UniRef:UniRef50_B0LHG4, UniRef:UniRef90_B0LHG4",insB,insB,
plasmid1,cds,31016,31393,+,CS12_04947,,cds,IS1 family transposase,"GO:0004803, RefSeq:WP_001513096.1, SO:0001217, UniParc:UPI000067362D, UniRef:UniRef100_B1VCE6, UniRef:UniRef50_A0A6N9SM51, UniRef:UniRef90_B1VCE6",IS1 family transposase,IS1 family tnp,Tncentral
plasmid1,IS_dr,31408,31416,,,,IS_dr,,,,9 bp DR,
plasmid1,Tn,31408,36996,,,,Tn,Tn10 missing N and C termini,,,∆Tn10-like,Tncentral
plasmid1,insertion sequence,31409,32584,+,,,IS,,,IS4,∆IS10R,Tncentral
plasmid1,cds,31684,32571,+,CS12_04948,,cds,IS4 family transposase,"GO:0004803, SO:0001217, UniRef:UniRef50_Q663Z0, UniRef:UniRef90_UPI001142A525",IS4 family transposase,IS10R ∆tnp ,Tncentral
plasmid1,IS_ir,32535,32584,,,,IS_ir,,,IS4_ir,IS10R_IRR,Tncentral
plasmid1,cds,32581,32997,-,CS12_04949,tetD,cds,Transposon Tn10 TetD protein,"COG:COG2207, COG:K, GO:0003700, GO:0043565, RefSeq:WP_000275180.1, SO:0001217, UniParc:UPI00000BEFBF, UniRef:UniRef100_Q6QR69, UniRef:UniRef50_P28816, UniRef:UniRef90_P28816",tetD,tetD,
plasmid1,cds,33085,33678,+,CS12_04950,tetC,cds,tetracyline resistance-associated transcriptional repressor TetC,"COG:COG1309, COG:K, GO:0003677, RefSeq:WP_000428546.1, SO:0001217, UniParc:UPI00000BD818, UniRef:UniRef100_Q6QR70, UniRef:UniRef50_P28815, UniRef:UniRef90_P28815",tetC,tetC,
plasmid1,cds,33791,34996,-,CS12_04951,tet(B),amr,tetracycline efflux MFS transporter Tet(B),"COG:COG2814, COG:G, GO:0005886, GO:0008493, GO:0015297, GO:0015904, GO:0016020, GO:0022857, GO:0046677, GO:0055085, KEGG:K08151, NCBIProtein:WP_001089068.1, RefSeq:WP_001089068.1, SO:0001217, UniParc:UPI00000DA0F9, UniRef:UniRef100_B1VCE9, UniRef:UniRef50_P02980, UniRef:UniRef90_P02980",tet(B),tet(B),
plasmid1,cds,35078,35701,+,CS12_04952,tetR(B),amr,tetracycline resistance transcriptional repressor TetR(B),"BlastRules:WP_000088605, COG:COG1309, COG:K, GO:0000976, GO:0003700, GO:0045892, GO:0046677, GO:0046872, KEGG:K18476, RefSeq:WP_000088605.1, SO:0001217, UniParc:UPI0000000D97, UniRef:UniRef100_P04483, UniRef:UniRef50_P0ACT4, UniRef:UniRef90_P04483",tetR(B),tetR(B),
plasmid1,cds,35679,36302,-,CS12_04953,arsR,cds,Transcriptional regulator: ArsR like. 99% match to JemC Tn10,"COG:COG0640, COG:K, RefSeq:WP_001280391.1, SO:0001217, UniParc:UPI00017617C0, UniRef:UniRef100_Q1A2K6, UniRef:UniRef50_Q1A2K6, UniRef:UniRef90_Q1A2K6",arsR,jemC,Tncentral
plasmid1,cds,36373,36759,-,CS12_04954,aCTx2,cds,ACT domain-containing protein,"COG:COG4747, COG:R, RefSeq:WP_000460651.1, SO:0001217, UniParc:UPI00000D139B, UniRef:UniRef100_B1VCF2, UniRef:UniRef50_K8AJ79, UniRef:UniRef90_B1VCF2",aCTx2,aCTx2,
plasmid1,cds,36752,36996,,,,cds,contains  hmoA ,"COG:COG2329, COG:H, RefSeq:WP_001384468.1, SO:0001217, UniParc:UPI00016D56E6, UniRef:UniRef100_A0A0K3ZSI6, UniRef:UniRef50_Q1A2K8, UniRef:UniRef90_Q1A2K9",,∆jemB,Tncentral
plasmid1,IS_ir,36997,37046,,,,IS_ir,,,IS1R_ir,IS1R_IRR,ISFinder DB
plasmid1,insertion sequence,36997,37764,-,,,IS,,,IS1R,IS1R,
plasmid1,cds,37012,37389,-,CS12_04956,,cds,IS1 family transposase,"GO:0004803, RefSeq:WP_000344405.1, SO:0001217, UniParc:UPI000000E2D9, UniRef:UniRef100_B1VCF3, UniRef:UniRef50_P0CF25, UniRef:UniRef90_B1VCF3",IS1 family transposase,IS1R tnp,
plasmid1,cds,37461,37676,+,CS12_04957,insB,cds,InsB,"RefSeq:WP_000829826.1, SO:0001217, UniParc:UPI0001642701, UniRef:UniRef100_B0LHG4, UniRef:UniRef50_B0LHG4, UniRef:UniRef90_B0LHG4",insB,insB,
plasmid1,IS_ir,37715,37764,,,,IS_ir,,,IS1R_ir,IS1R_IRL,ISFinder DB
plasmid1,cds,37817,38140,+,CS12_04958,dfrA17,amr,trimethoprim-resistant dihydrofolate reductase DfrA17 partial missing n terminus,"EC:1.5.1.3, GO:0004146, NCBIProtein:WP_001389366.1, SO:0001217, UniParc:UPI000663D9BF, UniRef:UniRef100_A0A8D9KLG0, UniRef:UniRef50_A0A8E8HUV3, UniRef:UniRef90_C7S9T5",dfrA17,∆dfrA17,
plasmid1,integron,38135,38267,+,,,attC,,,attC,attC,
plasmid1,CALIN,38135,39612,,,,CALIN,,,integron_02,CALIN_2,
plasmid1,cds,38271,39059,+,CS12_04959,aadA5,amr,ANT(3'')-Ia family aminoglycoside nucleotidyltransferase AadA5,"EC:2.7.7.47, KEGG:K00984, NCBIProtein:WP_000503573.1, RefSeq:WP_000503573.1, SO:0001217, UniParc:UPI00000BE4E8, UniRef:UniRef100_Q9R3A9, UniRef:UniRef50_Q9R3A9, UniRef:UniRef90_Q9R3A9",aadA5,aadA5,
plasmid1,integron,39106,39162,+,,,attC,,,attC,attC,
plasmid1,cds,39265,39612,+,CS12_04960,qacEdelta1,amr,quaternary ammonium compound efflux SMR transporter QacE delta 1,"COG:COG2076, COG:V, GO:0005886, GO:0016020, GO:0022857, KEGG:K03297, NCBIProtein:WP_000679427.1, RefSeq:WP_000679427.1, SO:0001217, UniParc:UPI0000000BEC, UniRef:UniRef100_P0AA22, UniRef:UniRef50_P0AA22, UniRef:UniRef90_P0AA22",qacEdelta1,qacE∆1,
plasmid1,cds,39606,40445,+,CS12_04961,sul1,amr,sulfonamide-resistant dihydropteroate synthase Sul1,"COG:COG0294, COG:H, EC:2.5.1.15, GO:0004156, GO:0005829, GO:0046654, GO:0046656, GO:0046872, KEGG:K18974, NCBIProtein:WP_000259031.1, RefSeq:WP_000259031.1, SO:0001217, UniParc:UPI000000029B, UniRef:UniRef100_P0C002, UniRef:UniRef50_P0C002, UniRef:UniRef90_P0C002",sul1,sul1,
plasmid1,cds,40573,40776,+,CS12_04962,,cds,Puromycin N-acetyltransferase-like protein,"RefSeq:WP_000376616.1, SO:0001217, UniParc:UPI0000DABFE5, UniRef:UniRef100_Q0ZKT2, UniRef:UniRef50_A0AAN4F291, UniRef:UniRef90_Q0ZKT2",Puromycin N-acetyltransferase-like protein,,
plasmid1,cds,40932,42137,+,CS12_04963,chrA,cds,ChrA chromate efflux transporter,"KEGG:K07240, RefSeq:WP_000184001.1, SO:0001217, UniParc:UPI00004539E7, UniRef:UniRef100_Q0ZKT3, UniRef:UniRef50_A0A5E4P1N2, UniRef:UniRef90_Q0ZKT3",chrA,chrA,
plasmid1,cds,42148,42453,+,CS12_04964,,cds,Helix-turn-helix transcriptional regulator,"RefSeq:WP_000130000.1, SO:0001217, UniParc:UPI00004539E6, UniRef:UniRef100_Q0ZKT4, UniRef:UniRef50_A0A512LBL5, UniRef:UniRef90_Q0ZKT4",HTH transcriptional regulator,,
plasmid1,IS_ir,42619,42668,,,,IS_ir,,,IS_ir,IS6100_ir,
plasmid1,insertion sequence,42619,43498,+,,,IS,,,IS6100,IS6100,
plasmid1,cn,42619,47550,,,,Cn,AZMres cassette,,,,
plasmid1,cds,42680,43444,+,CS12_04965,tnp,cds,IS6-like element IS6100 family transposase,"BlastRules:WP_001389365, COG:COG3316, COG:X, GO:0004803, RefSeq:WP_001389365.1, SO:0001217, UniParc:UPI00000BF4A2, UniRef:UniRef100_Q50HM3, UniRef:UniRef50_Q50HM3, UniRef:UniRef90_Q50HM3",IS6100 transposase,IS6100 tnp,
plasmid1,IS_ir,43449,43498,,,,IS_ir,,,IS_ir,IS6100_ir,
plasmid1,cds,43937,44521,-,CS12_04966,acrR,cds,"Macrolide 2'-phosphotransferase I repressor A, erythromycin resistance repressor protein","COG:COG1309, COG:K, KEGG:K19060, RefSeq:WP_001137892.1, SO:0001217, UniParc:UPI00000BD9A2, UniRef:UniRef100_A0A023UEV3, UniRef:UniRef50_A0A023UEV3, UniRef:UniRef90_A0A023UEV3",mphR(A),mphR(A),
plasmid1,cds,44521,45759,-,CS12_04967,mrx,amr,Multidrug efflux pump Tap,"KEGG:K19061, RefSeq:WP_000004159.1, SO:0001217, UniParc:UPI00000AED39, UniRef:UniRef100_Q9FAT6, UniRef:UniRef50_A0A2R4NFS3, UniRef:UniRef90_A0A0V7WV83",mrx,mrx,
plasmid1,cds,45756,46661,-,CS12_04968,mph(A),amr,Mph(A) family macrolide 2'-phosphotransferase,"COG:COG3173, COG:R, KEGG:K06979, NCBIProtein:WP_000219391.1, RefSeq:WP_000219391.1, SO:0001217, UniParc:UPI00000B26E4, UniRef:UniRef100_Q47396, UniRef:UniRef50_Q47396, UniRef:UniRef90_Q47396",mph(A),mph(A),
plasmid1,insertion sequence,46731,47551,-,,,IS,,,IS26,IS26,
plasmid1,complex_c1_integron,46731,57858,,,,cc1I,complex c1 int,,,,Harada et al 2021
plasmid1,IS_ir,46732,46781,,,,IS_ir,,,IS26_ir,IS26_IRR,ISFinder DB
plasmid1,cds,46783,47487,-,CS12_04969,tnp,cds,IS6 family IS15DIV transposase,"COG:COG3316, COG:X, GO:0004803, IS:IS15DIV, RefSeq:WP_001067855.1, SO:0001217, UniParc:UPI0000003DD8, UniRef:UniRef100_A0A6H1PZP7, UniRef:UniRef50_Q573Q1, UniRef:UniRef90_A0A6H1PZP7",IS26 transposase,IS26 tnp,ISFinder DB
plasmid1,IS_ir,47501,47550,,,,IS_ir,,,IS26_ir,IS26_IRL,ISFinder DB
plasmid1,insertion sequence,47665,47952,,,,IS,,,ISAba125,∆ISAba125,ISFinder DB
plasmid1,IS_ir,47903,47952,,,,IS_ir,,,IS_ir,ISAba125_IRR,ISFinder DB
plasmid1,cds,48046,48858,+,CS12_04970,blaNDM-5,amr,subclass B1 metallo-beta-lactamase NDM-5,"COG:COG0491, COG:R, EC:3.5.2.6, GO:0008270, GO:0008800, GO:0017001, GO:0042597, GO:0046677, NCBIProtein:WP_023408309.1, RefSeq:WP_023408309.1, SO:0001217, UniParc:UPI00022A67B8, UniRef:UniRef100_G3K399, UniRef:UniRef50_C7C422, UniRef:UniRef90_C7C422",blaNDM-5,blaNDM-5,
plasmid1,cds,48967,49227,+,CS12_04971,ble,amr,bleomycin binding protein Ble-MBL,"NCBIProtein:WP_004201167.1, SO:0001217, UniParc:UPI00052AE938, UniRef:UniRef100_A0A0A0R231, UniRef:UniRef50_A0A077M308, UniRef:UniRef90_A0A0A0R231",ble,ble,
plasmid1,cds,49232,49870,+,CS12_04972,trpF,cds,phosphoribosylanthranilate isomerase,"COG:COG0135, COG:E, EC:5.3.1.24, GO:0000162, GO:0004640, RefSeq:WP_004201168.1, SO:0001217, UniParc:UPI000229680F, UniRef:UniRef100_G3F9S4, UniRef:UniRef50_G3F9S4, UniRef:UniRef90_G3F9S4",trpF,trpF,
plasmid1,cds,49881,50912,-,CS12_04973,dsbD,cds,DsbD,"RefSeq:WP_004201169.1, SO:0001217, UniParc:UPI00022A5DDA, UniRef:UniRef100_G3F9S5, UniRef:UniRef50_G3F9S5, UniRef:UniRef90_G3F9S5",dsbD,dsbD,
plasmid1,iscr1,50993,51025,-,,,iscr1,,,,33bp RCS,Bae et al 2007 10.1128/AAC.00279-07
plasmid1,iscr1,50993,51244,-,,,iscr1,,,,oriIS,Bae et al 2007 10.1128/AAC.00279-08
plasmid1,iscr1,50993,53146,-,,,iscr1,,,,ISCR1,ISFinder DB
plasmid1,cds,51225,52766,-,CS12_04974,rPS27A,cds,IS91 family transposase,"COG:COG2051, COG:J, GO:0004803, RefSeq:WP_000050481.1, SO:0001217, UniParc:UPI0000001028, UniRef:UniRef100_A0A154CBX8, UniRef:UniRef50_K6ZAL3, UniRef:UniRef90_W8CTS8",rPS27A,ISCR1 rcr1,Bae et al 2007 10.1128/AAC.00279-08
plasmid1,iscr1,52767,53146,-,,,iscr1,,,,terIS,Bae et al 2007 10.1128/AAC.00279-08
plasmid1,cds,53171,54010,-,CS12_04975,sul1,amr,sulfonamide-resistant dihydropteroate synthase Sul1,"COG:COG0294, COG:H, EC:2.5.1.15, GO:0004156, GO:0005829, GO:0046654, GO:0046656, GO:0046872, KEGG:K18974, NCBIProtein:WP_000259031.1, RefSeq:WP_000259031.1, SO:0001217, UniParc:UPI000000029B, UniRef:UniRef100_P0C002, UniRef:UniRef50_P0C002, UniRef:UniRef90_P0C002",sul1,sul1,
plasmid1,cds,54004,54351,-,CS12_04976,qacEdelta1,amr,quaternary ammonium compound efflux SMR transporter QacE delta 1,"COG:COG2076, COG:V, GO:0005886, GO:0016020, GO:0022857, KEGG:K03297, NCBIProtein:WP_000679427.1, RefSeq:WP_000679427.1, SO:0001217, UniParc:UPI0000000BEC, UniRef:UniRef100_P0AA22, UniRef:UniRef50_P0AA22, UniRef:UniRef90_P0AA22",qacEdelta1,qacE∆1,
plasmid1,complete integron,54004,57054,,,,integron,,,integron_03,Integron_1,
plasmid1,integron,54454,54513,-,,,attC,,,attC,attC,
plasmid1,cds,54515,55294,-,CS12_04977,aadA2,amr,ANT(3'')-Ia family aminoglycoside nucleotidyltransferase AadA2,"EC:2.7.7.47, KEGG:K00984, NCBIProtein:WP_001206356.1, RefSeq:WP_000151233.1, SO:0001217, UniParc:UPI00000BCF15, UniRef:UniRef100_Q51348, UniRef:UniRef50_Q51348, UniRef:UniRef90_Q51348",aadA2,aadA2,
plasmid1,integron,55310,55369,-,,,attC,,,attC,attC,
plasmid1,integron,55630,55719,-,,,attC,,,attC,attC,
plasmid1,cds,55714,56211,-,CS12_04978,dfrA12,amr,trimethoprim-resistant dihydrofolate reductase DfrA12,"EC:1.5.1.3, GO:0004146, KEGG:K00287, NCBIProtein:WP_001083725.1, RefSeq:WP_001083725.1, SO:0001217, UniParc:UPI00000BF132, UniRef:UniRef100_Q79DQ2, UniRef:UniRef50_Q59408, UniRef:UniRef90_Q79DQ2",dfrA12,dfrA12,
plasmid1,ncRNA-region,56201,56266,-,,,ncRNA-region,putative aminoglycoside riboswitch / attI site,"RFAM:RF02912, SO:0000035",putative aminoglycoside riboswitch / attI site,putative aminoglycoside riboswitch / attI site,
plasmid1,sorf,56216,56254,-,CS12_04979,,sorf,Streptomycin 3''-O-adenylyltransferase,"SO:0001217, UniParc:UPI00000B6A7E, UniRef:UniRef100_Q8KHT5, UniRef:UniRef50_A0A2R4A7Q1, UniRef:UniRef90_A0A2R4A7Q1",Streptomycin 3''-O-adenylyltransferase,,
plasmid1,integron,56217,56275,-,,,attI,,,attI_1,attI_1,
plasmid1,integron,56300,56334,+,,,promoter,,,Pint_1,Pint_1,
plasmid1,integron,56326,56352,-,,,promoter,,,Pc_1,Pc_1,
plasmid1,integron,56356,57054,+,,intI,integrase,,,intI,∆intI1,
plasmid1,IS_ir,57038,57087,,,,IS_ir,,,IS26_ir,IS26_IRL,
plasmid1,insertion sequence,57038,57858,+,,,IS,,,IS26,IS26,
plasmid1,cds,57101,57805,+,CS12_04981,tnp,cds,IS6 family IS15DIV transposase,"COG:COG3316, COG:X, GO:0004803, IS:IS15DIV, RefSeq:WP_001067855.1, SO:0001217, UniParc:UPI0000003DD8, UniRef:UniRef100_A0A6H1PZP7, UniRef:UniRef50_Q573Q1, UniRef:UniRef90_A0A6H1PZP7",tnp,IS26 tnp,
plasmid1,IS_ir,57808,57858,,,,IS_ir,,,IS26_ir,IS26_IRR,
plasmid1,cds,57883,58416,+,CS12_04982,tnpA,cds,Tn3 family transposase,"COG:COG4644, COG:X, GO:0003677, GO:0004803, GO:0006313, RefSeq:WP_000621423.1, SO:0001217, UniParc:UPI00016A2528, UniRef:UniRef100_A0A1Q5ZBI0, UniRef:UniRef50_P03008, UniRef:UniRef90_P03008",tnpA,Tn3 tnpA,
plasmid1,insertion sequence,58450,58922,,,,IS,,,ISKpn14,∆IS1R,
plasmid1,cds,58619,58834,+,CS12_04983,insB,cds,InsB,"RefSeq:WP_000829826.1, SO:0001217, UniParc:UPI0001642701, UniRef:UniRef100_B0LHG4, UniRef:UniRef50_B0LHG4, UniRef:UniRef90_B0LHG4",insB,insB,
plasmid1,replicon,59116,62808,,,,repregion,,,,FII 31,
plasmid1,toxin,59116,59448,-,CS12_04984,pemK,TA system,Endoribonuclease PemK,"EC:3.1.-.-, GO:0003677, GO:0003723, GO:0004521, GO:0006402, GO:0016075, KEGG:K18841, RefSeq:WP_000439434.1, SO:0001217, UniParc:UPI0000113366, UniRef:UniRef100_P13976, UniRef:UniRef50_P13976, UniRef:UniRef90_P13976",pemK,pemK,
plasmid1,antitoxin,59450,59707,-,CS12_04985,pemI,TA system,type II toxin-antitoxin system antitoxin PemI,"BlastRules:WP_000557619, COG:COG2336, COG:V, GO:0003677, GO:0097351, RefSeq:WP_000557619.1, SO:0001217, UniParc:UPI0000000F56, UniRef:UniRef100_P13975, UniRef:UniRef50_P13975, UniRef:UniRef90_P13975",pemI,pemI,
plasmid1,cds,59800,60453,-,CS12_04986,,cds,putative protein,"GO:0004222, GO:0016020, GO:0071586, RefSeq:WP_000616807.1, SO:0001217, UniParc:UPI0000000F55, UniRef:UniRef100_P13974, UniRef:UniRef50_P13974, UniRef:UniRef90_P13974",putative protein,,
plasmid1,oriC,61030,61391,,,,oriv,origin of replication,,origin of replication,oriV,
plasmid1,cds,61392,62249,-,CS12_04987,repA,cds,incFII family plasmid replication initiator RepA,"GO:0006276, RefSeq:WP_032152935.1, SO:0001217, UniParc:UPI0003DBDF35, UniRef:UniRef100_A0A0A7Y9B8, UniRef:UniRef50_P03066, UniRef:UniRef90_Q2VP19",repA,repA,
plasmid1,sorf,62242,62316,-,CS12_04988,repL,sorf,Positive regulator of RepFIC repA1 expression,"GO:0006260, RefSeq:WP_001365705.1, SO:0001217, UniParc:UPI00000009F3, UniRef:UniRef100_P62550, UniRef:UniRef50_P62550, UniRef:UniRef90_P62550",repL,repL,
plasmid1,ncRNA,62334,62424,+,CS12_04989,copA,ncRNA,CopA-like RNA,"RFAM:RF00042, SO:0000655",copA,copA,
plasmid1,cds,62551,62808,-,CS12_04990,copB,cds,Protein CopB,"RefSeq:WP_000083821.1, SO:0001217, UniParc:UPI000171789B, UniRef:UniRef100_B1VCD5, UniRef:UniRef50_Q7BSX2, UniRef:UniRef90_B1VCD5",copB,copB,
plasmid1,insertion sequence,62926,64542,+,,,IS,,,ISEc76,ISEc76,
plasmid1,cds,63213,64235,+,CS12_04991,tnp,cds,IS110 family ISEc76 transposase,"COG:COG3547, COG:X, GO:0004803, IS:ISEc76, RefSeq:WP_000156883.1, SO:0001217, UniParc:UPI000171789A, UniRef:UniRef100_E3PYM9, UniRef:UniRef50_A0A4U3EBY8, UniRef:UniRef90_A0A5V3AVD5",tnp,ISEc76 tnp,
plasmid1,cds,64707,65060,+,CS12_04992,,cds,Membrane protein,"RefSeq:WP_000005489.1, SO:0001217, UniParc:UPI0001717899, UniRef:UniRef100_B1VCD3, UniRef:UniRef50_B1VCD3, UniRef:UniRef90_B1VCD3",Membrane protein,,
plasmid1,cds,65473,65856,-,CS12_04993,,cds,DUF2726 domain-containing protein,"RefSeq:WP_001515723.1, SO:0001217, UniParc:UPI0002A1E315, UniRef:UniRef100_A0A0G3B914, UniRef:UniRef50_Q326W0, UniRef:UniRef90_A0A0G3B914",DUF2726 domain-containing protein,,
plasmid1,insertion sequence,66029,66796,+,,,IS,,,IS1A,IS1A,
plasmid1,cds,66084,66359,+,CS12_04994,tnp,cds,IS1 family IS1A transposase ORF A,"IS:IS1A, RefSeq:WP_001312874.1, SO:0001217, UniParc:UPI0001E8C852, UniRef:UniRef100_A0A0E1LK42, UniRef:UniRef50_P19767, UniRef:UniRef90_A0A2X3KAE7",tnp,IS1A tnp orfA,
plasmid1,cds,66404,66781,+,CS12_04995,,cds,IS1 family transposase,"GO:0004803, RefSeq:WP_000344410.1, SO:0001217, UniParc:UPI000016F81C, UniRef:UniRef100_C7S9X9, UniRef:UniRef50_C7S9X9, UniRef:UniRef90_C7S9X9",IS1 family tnp,IS1A tnp,
plasmid1,insertion sequence,66874,68174,+,,,IS,,,IS682,IS66-family,
plasmid1,cds,66896,67252,+,CS12_04996,tnpA,cds,IS66-like element accessory protein TnpA,"RefSeq:WP_000229735.1, SO:0001217, UniParc:UPI00017A96F3, UniRef:UniRef100_E3PYM5, UniRef:UniRef50_A0A403D7G4, UniRef:UniRef90_A0A2W6P0P9",tnpA,tnpA,
plasmid1,cds,67249,67599,+,CS12_04997,tnpB,cds,IS66 family insertion sequence element accessory protein TnpB,"RefSeq:WP_000624725.1, SO:0001217, UniParc:UPI0001717897, UniRef:UniRef100_B1VCC9, UniRef:UniRef50_Q68JE0, UniRef:UniRef90_B1VCC9",tnpB,tnpB,
plasmid1,cds,67630,67851,+,CS12_04998,,cds,Transposase,"RefSeq:WP_000080227.1, SO:0001217, UniParc:UPI00028E0DAC, UniRef:UniRef100_A0A0A7Y2F1, UniRef:UniRef50_A0A0L0GSF7, UniRef:UniRef90_A0A6C7H015",tnp,tnp,
plasmid1,cds,67959,68144,+,CS12_04999,,cds,Transposase,"SO:0001217, UniParc:UPI00028C1509, UniRef:UniRef100_A0A0A7Y298, UniRef:UniRef50_A0A376JVR9, UniRef:UniRef90_A0A0A7Y298",tnp,tnp,
plasmid1,cds,68208,68684,-,CS12_05000,,cds,Arginine repressor,"KEGG:K03402, SO:0001217, UniParc:UPI0002A46661, UniRef:UniRef100_A0A2R3NWI0, UniRef:UniRef50_A0A0G9FLE0, UniRef:UniRef90_A0A2R3NWI0",Arginine repressor,,
plasmid1,cds,68768,70171,-,CS12_05001,arcD,cds,ArcD protein,"COG:COG1288, COG:R, RefSeq:WP_000514417.1, SO:0001217, UniParc:UPI0001717895, UniRef:UniRef100_B1VCC7, UniRef:UniRef50_A3JAU5, UniRef:UniRef90_B1VCC7",arcD,arcD,
plasmid1,cds,70219,71223,-,CS12_05002,argF,cds,ornithine carbamoyltransferase,"COG:COG0078, COG:E, EC:2.1.3.3, GO:0004585, GO:0005737, GO:0006526, GO:0016597, GO:0019240, GO:0019547, GO:0042450, KEGG:K00611, RefSeq:WP_000154545.1, SO:0001217, UniParc:UPI0001E654C5, UniRef:UniRef100_E3PYM0, UniRef:UniRef50_P04391, UniRef:UniRef90_Q8ZK35",argF,argF,
plasmid1,cds,71308,72219,-,CS12_05003,arcC,cds,carbamate kinase,"COG:COG0549, COG:E, EC:2.7.2.2, GO:0006520, GO:0008804, RefSeq:WP_000440183.1, SO:0001217, UniParc:UPI0001717893, UniRef:UniRef100_B1VCC5, UniRef:UniRef50_A0A1F4BB57, UniRef:UniRef90_B1VCC5",arcC,arcC,
plasmid1,cds,72230,73450,-,CS12_05004,arcA,cds,arginine deiminase,"EC:3.5.3.6, GO:0016990, GO:0019546, RefSeq:WP_000410951.1, SO:0001217, UniParc:UPI0001717892, UniRef:UniRef100_B1VCC4, UniRef:UniRef50_Q5E7U3, UniRef:UniRef90_B1VCC4",arcA,arcA,
plasmid1,replicon,74765,76315,,,,repregion,,,,FII 36,
plasmid1,cds,74765,75217,-,CS12_05005,repA,cds,plasmid replication initiator RepA,"GO:0006276, SO:0001217, UniParc:UPI0004A16A3A, UniRef:UniRef100_A0A0A7Y998, UniRef:UniRef50_B1VCC2, UniRef:UniRef90_B1VCC2",repA,repA,
plasmid1,sorf,75210,75284,-,CS12_05006,repL,sorf,Positive regulator of RepFIC repA1 expression,"GO:0006260, RefSeq:WP_032336874.1, SO:0001217, UniParc:UPI00050AF55E, UniRef:UniRef100_A0A0E3ZNP9, UniRef:UniRef50_P62550, UniRef:UniRef90_P62550",repL,repL,
plasmid1,ncRNA,75302,75392,+,CS12_05007,copA,ncRNA,CopA-like RNA,"RFAM:RF00042, SO:0000655",copA,copA,
plasmid1,cds,75520,75777,-,CS12_05008,copB,cds,Protein CopB,"RefSeq:WP_000083833.1, SO:0001217, UniParc:UPI000171788F, UniRef:UniRef100_B1VCC0, UniRef:UniRef50_P13959, UniRef:UniRef90_B1VCC0",copB,copB,
plasmid1,toxin,76061,76210,-,CS12_05009,srnB,TA system,Protein SrnB,"GO:0005886, KEGG:K18922, RefSeq:WP_001312851.1, SO:0001217, UniParc:UPI0000161C9D, UniRef:UniRef100_B1VCB9, UniRef:UniRef50_P13970, UniRef:UniRef90_P13970",srnB,srnB,
plasmid1,ncRNA,76200,76356,-,CS12_05010,sok,ncRNA,sok antitoxin (CssrC),"RFAM:RF01794, SO:0000655",sok,sok,
plasmid1,antitoxin,76254,76315,+,,srnC,TA system,type I TA system,tadb,srnC,srnC,
plasmid1,cds,76454,76636,-,CS12_05011,,cds,hypothetical protein,"SO:0001217, UniParc:UPI00028C1B3B, UniRef:UniRef100_A0A0G3B3Y6, UniRef:UniRef50_A0A0G3B3Y6, UniRef:UniRef90_A0A0G3B3Y6",hypothetical protein,,
plasmid1,cds,76737,77012,+,CS12_05012,tnp,cds,IS1 family IS1A transposase ORF A,"COG:COG3677, COG:X, GO:0004803, GO:0006313, IS:IS1A, RefSeq:WP_000179213.1, SO:0001217, UniParc:UPI00000009E0, UniRef:UniRef100_P0C652, UniRef:UniRef50_P0C652, UniRef:UniRef90_P0C652",tnp,IS1A tnp orfA,
plasmid1,cds,77057,77470,+,CS12_05013,,cds,IS1 family transposase,"GO:0004803, RefSeq:WP_044721845.1, SO:0001217, UniParc:UPI00049F688C, UniRef:UniRef100_A0A2R3NWK6, UniRef:UniRef50_P0CF31, UniRef:UniRef90_A8R7X8",IS1 family tnp,IS1-family tnp,
plasmid1,insertion sequence,77361,80051,-,,,IS,,,ISCro1,ISCro1,
plasmid1,cds,77391,78962,-,CS12_05014,tnp,cds,IS66 family ISCro1 transposase,"GO:0004803, IS:ISCro1, RefSeq:WP_106490499.1, SO:0001217, UniParc:UPI000D0AE2C2, UniRef:UniRef100_UPI000D0AE2C2, UniRef:UniRef50_A0A633DM77, UniRef:UniRef90_A0A0E0Y6H8",tnp,ISCro1 tnp,
plasmid1,cds,78982,79329,-,CS12_05015,tnpB,cds,IS66 family insertion sequence element accessory protein TnpB,"RefSeq:WP_000624622.1, SO:0001217, UniParc:UPI00000DF039, UniRef:UniRef100_Q68JE0, UniRef:UniRef50_Q68JE0, UniRef:UniRef90_Q68JE0",tnpB,ISCro1 tnpB,
plasmid1,cds,79329,79976,-,CS12_05016,tnpA,cds,IS66-like element accessory protein TnpA,"GO:0003677, GO:0004803, GO:0006313, RefSeq:WP_001295212.1, SO:0001217, UniParc:UPI00000DF038, UniRef:UniRef100_F2VID1, UniRef:UniRef50_A0A826J7M6, UniRef:UniRef90_A0A8T6QEY1",tnpA,tnpA,
plasmid1,sorf,80085,80168,-,CS12_05017,,sorf,Periplasmic endochitinase,"SO:0001217, UniRef:UniRef50_A0A8B4CI17, UniRef:UniRef90_A0A8B4CI17",Periplasmic endochitinase,,
plasmid1,ncRNA,80370,80554,+,CS12_05018,AS-pc02,ncRNA,Antisense to pHK01_099,"RFAM:RF02876, SO:0000644",AS-pc02,AS-pc02,
plasmid1,cds,80408,80659,-,CS12_05019,,cds,Transposase,"SO:0001217, UniRef:UniRef50_A0A0A7A4P0, UniRef:UniRef90_Q9ZGV8",tnp,tnp,
plasmid1,tra,80797,113104,,,,traregion,,,,transfer region,inferred
plasmid1,cds,80451,80663,-,,anr,virulence,AraC negative regulator,,anr,anr,
plasmid1,cds,80797,81357,-,CS12_05020,finO,cds,Fertility inhibition protein,"GO:0003723, KEGG:K03607, RefSeq:WP_000139363.1, SO:0001217, UniParc:UPI000171788B, UniRef:UniRef100_A0A345AN52, UniRef:UniRef50_P22707, UniRef:UniRef90_P22707",finO,finO,
plasmid1,cds,81412,82158,-,CS12_05021,traX,cds,conjugal transfer pilus acetylase TraX,"GO:0005886, RefSeq:WP_023149624.1, SO:0001217, UniParc:UPI0003BB0B31, UniRef:UniRef100_E3PYK8, UniRef:UniRef50_P22709, UniRef:UniRef90_P22709",traX,traX,
plasmid1,cds,82178,87298,-,CS12_05022,traI,cds,conjugative transfer relaxase/helicase TraI,"EC:3.6.4.12, GO:0003678, RefSeq:WP_106490500.1, SO:0001217, UniParc:UPI000676D39A, UniRef:UniRef100_A0A0K2YV66, UniRef:UniRef50_E3PYK7, UniRef:UniRef90_E3PYK7",traI,traI,
plasmid1,ncRNA,84373,84449,+,CS12_05023,AS-traI,ncRNA,Antisense to traI,"RFAM:RF02873, SO:0000644",AS-traI,AS-traI,
plasmid1,cds,87298,89469,-,CS12_05024,traD,cds,type IV conjugative transfer system coupling protein TraD,"RefSeq:WP_032335039.1, SO:0001217, UniParc:UPI0003DD2D17, UniRef:UniRef100_A0A831LWP6, UniRef:UniRef50_P09130, UniRef:UniRef90_A0A831LWP6",traD,traD,
plasmid1,cds,89721,90452,-,CS12_05025,traT,virulence,conjugal transfer complement resistance protein TraT,"GO:0009279, RefSeq:WP_000850424.1, SO:0001217, UniParc:UPI0000137660, UniRef:UniRef100_P15177, UniRef:UniRef50_P15177, UniRef:UniRef90_P15177",traT,traT,
plasmid1,cds,90466,90975,-,CS12_05026,traS,cds,conjugal transfer entry exclusion protein TraS,"RefSeq:WP_000628100.1, SO:0001217, UniParc:UPI0001E654BE, UniRef:UniRef100_E3PYK4, UniRef:UniRef50_E3PYK4, UniRef:UniRef90_E3PYK4",traS,traS,
plasmid1,cds,90972,93797,-,CS12_05027,traG,cds,conjugal transfer mating-pair stabilization protein TraG,"KEGG:K12056, RefSeq:WP_001553826.1, SO:0001217, UniParc:UPI0001717868, UniRef:UniRef100_B1VCA9, UniRef:UniRef50_B1VCA9, UniRef:UniRef90_B1VCA9",traG,traG,
plasmid1,cds,93794,95167,-,CS12_05028,traH,cds,conjugal transfer pilus assembly protein TraH,"GO:0042597, KEGG:K12072, RefSeq:WP_021518370.1, SO:0001217, UniParc:UPI0003901B6B, UniRef:UniRef100_E3PYK2, UniRef:UniRef50_P15069, UniRef:UniRef90_P15069",traH,traH,
plasmid1,cds,95154,95546,-,CS12_05029,trbF,cds,F-type conjugal transfer protein TrbF,"RefSeq:WP_000164675.1, SO:0001217, UniParc:UPI0001E654BB, UniRef:UniRef100_E3PYK1, UniRef:UniRef50_P15068, UniRef:UniRef90_E3PYK1",trbF,trbF,
plasmid1,cds,95500,95814,-,CS12_05030,trbJ,cds,P-type conjugative transfer protein TrbJ,"RefSeq:WP_023149603.1, SO:0001217, UniParc:UPI0003BB18D9, UniRef:UniRef100_A0A0E3ZND0, UniRef:UniRef50_P18353, UniRef:UniRef90_A0A7G8AJ83",trbJ,trbJ,
plasmid1,cds,95804,96358,-,CS12_05031,trbB,cds,type-F conjugative transfer system pilin assembly thiol-disulfide isomerase TrbB,"SO:0001217, UniRef:UniRef50_A0A378KKN7, UniRef:UniRef90_B1VCA5",trbB,trbB,
plasmid1,cds,96345,96629,-,CS12_05032,traQ,cds,type-F conjugative transfer system pilin chaperone TraQ,"GO:0005886, RefSeq:WP_000624105.1, SO:0001217, UniParc:UPI0001717863, UniRef:UniRef100_B1VCA4, UniRef:UniRef50_P18033, UniRef:UniRef90_P18033",traQ,traQ,
plasmid1,cds,96710,97045,+,CS12_05033,artA,cds,ArtA protein,"RefSeq:WP_000415571.1, SO:0001217, UniParc:UPI0001717862, UniRef:UniRef100_B1VCA3, UniRef:UniRef50_P18032, UniRef:UniRef90_B1VCA3",artA,artA,
plasmid1,cds,97026,97367,-,CS12_05034,trbA,cds,conjugal transfer protein TrbA,"RefSeq:WP_000556794.1, SO:0001217, UniParc:UPI0001717861, UniRef:UniRef100_B1VCA2, UniRef:UniRef50_B1VCA2, UniRef:UniRef90_B1VCA2",trbA,trbA,
plasmid1,cds,97381,98124,-,CS12_05035,traN,cds,type-F conjugative transfer system mating-pair stabilization protein TraN,"KEGG:K12058, RefSeq:WP_001030378.1, SO:0001217, UniParc:UPI00016A2465, UniRef:UniRef100_B1VCA1, UniRef:UniRef50_A0A653CJ14, UniRef:UniRef90_B1VCA1",traN,traN,
plasmid1,cds,98117,98374,-,CS12_05036,trbE,cds,Conjugal transfer protein TrbE,"RefSeq:WP_000864312.1, SO:0001217, UniParc:UPI0001E654B9, UniRef:UniRef100_A0A8D9KLR7, UniRef:UniRef50_Q05807, UniRef:UniRef90_A0A3P5HEZ3",trbE,trbE,
plasmid1,cds,98401,100209,-,CS12_05037,traN,cds,type-F conjugative transfer system mating-pair stabilization protein TraN,"GO:0009279, KEGG:K12058, RefSeq:WP_000821840.1, SO:0001217, UniParc:UPI0001E654B8, UniRef:UniRef100_E3PYJ3, UniRef:UniRef50_P24082, UniRef:UniRef90_P24082",traN,traN,
plasmid1,cds,100206,100844,-,CS12_05038,trbC,cds,type-F conjugative transfer system pilin assembly protein TrbC,"GO:0042597, RefSeq:WP_021518374.1, SO:0001217, UniParc:UPI00038FF39D, UniRef:UniRef100_E3PYJ2, UniRef:UniRef50_P18473, UniRef:UniRef90_P18473",trbC,trbC,
plasmid1,cds,100853,101845,-,CS12_05039,traU,cds,conjugal transfer pilus assembly protein TraU,"GO:0042597, KEGG:K12060, RefSeq:WP_000830180.1, SO:0001217, UniParc:UPI0001E654B6, UniRef:UniRef100_E3PYJ1, UniRef:UniRef50_P18471, UniRef:UniRef90_P18471",traU,traU,
plasmid1,cds,101842,102474,-,CS12_05040,traW,cds,type-F conjugative transfer system protein TraW,"GO:0042597, KEGG:K12061, RefSeq:WP_001203720.1, SO:0001217, UniParc:UPI0000003DB7, UniRef:UniRef100_P18472, UniRef:UniRef50_P18472, UniRef:UniRef90_P18472",traW,traW,
plasmid1,cds,102471,102857,-,CS12_05041,trbI,cds,type-F conjugative transfer system protein TrbI,"RefSeq:WP_000099686.1, SO:0001217, UniParc:UPI0001DC3B24, UniRef:UniRef100_E3PYI9, UniRef:UniRef50_P18006, UniRef:UniRef90_I1WZS2",trbI,trbI,
plasmid1,cds,102854,105481,-,CS12_05042,traC,cds,type IV secretion system protein TraC,"GO:0005886, KEGG:K12063, RefSeq:WP_001064245.1, SO:0001217, UniParc:UPI0001AE5045, UniRef:UniRef100_E3PYI8, UniRef:UniRef50_P18004, UniRef:UniRef90_P18004",traC,traC,
plasmid1,cds,105544,105648,-,CS12_05043,,cds,Transposase,"SO:0001217, UniParc:UPI000246EF11, UniRef:UniRef100_A0A075MB37, UniRef:UniRef50_A0A3Q8GL01, UniRef:UniRef90_A0A3Q8GL01",tnp,tnp,
plasmid1,cds,105997,106512,-,CS12_05044,traV,cds,type IV conjugative transfer system lipoprotein TraV,"GO:0009279, KEGG:K12064, RefSeq:WP_000809838.1, SO:0001217, UniParc:UPI00004C3C9D, UniRef:UniRef100_Q5JBM7, UniRef:UniRef50_P41069, UniRef:UniRef90_P41069",traV,traV,
plasmid1,cds,106509,106760,-,CS12_05045,trbG,cds,conjugal transfer protein TrbG,"RefSeq:WP_001038342.1, SO:0001217, UniParc:UPI0000003DB2, UniRef:UniRef100_P41072, UniRef:UniRef50_P41072, UniRef:UniRef90_P41072",trbG,trbG,
plasmid1,cds,106772,106969,-,CS12_05046,trbD,cds,Protein TrbD,"RefSeq:WP_001324648.1, SO:0001217, UniParc:UPI0000003DB1, UniRef:UniRef100_E3PYI3, UniRef:UniRef50_P41070, UniRef:UniRef90_P41070",trbD,trbD,
plasmid1,cds,106956,107546,-,CS12_05047,traP,cds,conjugal transfer pilus-stabilizing protein TraP,"KEGG:K12065, RefSeq:WP_000002787.1, SO:0001217, UniParc:UPI00005EFB91, UniRef:UniRef100_A0A811ASD7, UniRef:UniRef50_A0A811ASD7, UniRef:UniRef90_A0A811ASD7",traP,traP,
plasmid1,cds,107536,108963,-,CS12_05048,traB,cds,F-type conjugal transfer pilus assembly protein TraB,"GO:0016887, KEGG:K12065, RefSeq:WP_000146685.1, SO:0001217, UniParc:UPI0000137301, UniRef:UniRef100_P41067, UniRef:UniRef50_P41067, UniRef:UniRef90_P41067",traB,traB,
plasmid1,cds,108963,109691,-,CS12_05049,traK,cds,type-F conjugative transfer system secretin TraK,"GO:0005886, KEGG:K12066, RefSeq:WP_001230787.1, SO:0001217, UniParc:UPI0000003DAE, UniRef:UniRef100_P41066, UniRef:UniRef50_P41066, UniRef:UniRef90_P41066",traK,traK,
plasmid1,cds,109678,110244,-,CS12_05050,traE,cds,type IV conjugative transfer system protein TraE,"KEGG:K12067, RefSeq:WP_000399792.1, SO:0001217, UniParc:UPI0000003DAD, UniRef:UniRef100_P08322, UniRef:UniRef50_P08322, UniRef:UniRef90_P08322",traE,traE,
plasmid1,cds,110266,110577,-,CS12_05051,traL,cds,type IV conjugative transfer system protein TraL,"KEGG:K12068, RefSeq:WP_000012106.1, SO:0001217, UniParc:UPI0000003DAC, UniRef:UniRef100_Q7B3W7, UniRef:UniRef50_Q7B3W7, UniRef:UniRef90_Q7B3W7",traL,traL,
plasmid1,cds,110592,110957,-,CS12_05052,traA,cds,type IV conjugative transfer system pilin TraA,"GO:0005576, GO:0005886, RefSeq:WP_000994779.1, SO:0001217, UniParc:UPI000000071C, UniRef:UniRef100_P04737, UniRef:UniRef50_P04737, UniRef:UniRef90_P04737",traA,traA,
plasmid1,cds,110990,111385,-,CS12_05053,traY,cds,conjugal transfer relaxosome DNA-bindin protein TraY,"GO:0003677, GO:0005737, RefSeq:WP_001309237.1, SO:0001217, UniParc:UPI0000003DAB, UniRef:UniRef100_P06627, UniRef:UniRef50_P06627, UniRef:UniRef90_P06627",traY,traY,
plasmid1,cds,111484,112173,-,CS12_05054,traJ,virulence,conjugal transfer transcriptional regulator TraJ,"GO:0003677, GO:0005737, GO:0006355, RefSeq:WP_000283385.1, SO:0001217, UniParc:UPI0000003DAA, UniRef:UniRef100_P06626, UniRef:UniRef50_P06626, UniRef:UniRef90_P06626",traJ,traJ,
plasmid1,ncRNA,112167,112245,+,CS12_05055,finP,ncRNA,FinP,"RFAM:RF00107, SO:0000655",finP,finP,
plasmid1,ncRNA-region,112168,112278,-,,,ncRNA-region,traJ 5' UTR,"RFAM:RF00243, SO:0005836",traJ 5' UTR,traJ 5' UTR,
plasmid1,cds,112360,112743,-,CS12_05056,traM,cds,conjugal transfer relaxosome DNA-binding protein TraM,"GO:0003677, GO:0005737, RefSeq:WP_001151524.1, SO:0001217, UniParc:UPI0000003DA9, UniRef:UniRef100_Q84A34, UniRef:UniRef50_P10026, UniRef:UniRef90_P10026",traM,traM,
plasmid1,oriT,112815,113104,,,,oriT,origin of transfer,,oriT,oriT,
plasmid1,cds,113157,113666,+,CS12_05057,yubQ,cds,X polypeptide,"RefSeq:WP_024176373.1, SO:0001217, UniParc:UPI0003EE3D85, UniRef:UniRef100_A0A0A7Y2H9, UniRef:UniRef50_P47737, UniRef:UniRef90_P47737",yubQ,yubQ,
plasmid1,cds,113963,114784,-,CS12_05058,yubP,cds,UPF0380 protein YubP,"RefSeq:WP_001234426.1, SO:0001217, UniParc:UPI0001E8D73A, UniRef:UniRef100_E3PYH2, UniRef:UniRef50_P18005, UniRef:UniRef90_P18005",yubP,yubP,
plasmid1,cds,114902,115189,-,CS12_05059,yubO,cds,putative protein YubO,"RefSeq:WP_000107535.1, SO:0001217, UniParc:UPI0000003DA6, UniRef:UniRef100_Q84A36, UniRef:UniRef50_Q02885, UniRef:UniRef90_Q02885",yubO,yubO,
plasmid1,toxin,116110,116268,-,,,TA system,type I TA system,tadb,hok,hok,
plasmid1,antitoxin,116314,116343,+,,,TA system,type I TA system,tadb,sok,sok,
plasmid1,insertion sequence,116342,117784,-,,,IS,,,IS150,IS150,
plasmid1,cds,116368,117219,-,CS12_05061,tnp,cds,IS3 family IS150 transposase ORF B,"GO:0003677, GO:0004803, GO:0006310, GO:0006974, GO:0015074, GO:0032196, IS:IS150, RefSeq:WP_000866395.1, SO:0001217, UniParc:UPI0000047C8D, UniRef:UniRef100_P19769, UniRef:UniRef50_P19769, UniRef:UniRef90_P19769",tnp,IS150 tnpB,
plasmid1,cds,117216,117737,-,CS12_05062,tnp,cds,IS3 family IS150 transposase ORF A,"COG:COG2963, COG:X, GO:0004803, GO:0043565, IS:IS150, RefSeq:WP_000042691.1, SO:0001217, UniParc:UPI0000000F59, UniRef:UniRef100_P19768, UniRef:UniRef50_P19768, UniRef:UniRef90_P19768",tnp,IS150 tnpA,
plasmid1,cds,117994,118713,-,CS12_05063,psiA,cds,Protein PsiA,"RefSeq:WP_001276238.1, SO:0001217, UniParc:UPI000191B908, UniRef:UniRef100_A0A0A7Y3M5, UniRef:UniRef50_P18148, UniRef:UniRef90_P17976",psiA,psiA,
plasmid1,cds,118710,119144,-,CS12_05064,psiB,cds,conjugation system SOS inhibitor PsiB,"RefSeq:WP_000845937.1, SO:0001217, UniParc:UPI0001DC9F44, UniRef:UniRef100_A0A0A7Y935, UniRef:UniRef50_P10032, UniRef:UniRef90_A0A6H0A6T6",psiB,psiB,
plasmid1,cds,119424,119657,-,CS12_05065,yubL,cds,UPF0401 protein YubL,"RefSeq:WP_000005990.1, SO:0001217, UniParc:UPI00000BE9BC, UniRef:UniRef100_Q9JMR3, UniRef:UniRef50_Q9JMR3, UniRef:UniRef90_Q9JMR3",yubL,yubL,
plasmid1,cds,119725,120177,-,CS12_05066,,cds,Single-stranded DNA-binding protein,"SO:0001217, UniParc:UPI00031B42DD, UniRef:UniRef100_A0A0E3ZNK8, UniRef:UniRef50_A0A4P7KZF4, UniRef:UniRef90_A0A0E3ZNK8",Single-stranded DNA-binding protein,,
plasmid1,cds,120372,122273,-,CS12_05067,ltrA,cds,group II intron reverse transcriptase/maturase,"EC:2.7.7.49, GO:0000373, GO:0003964, KEGG:K00986, RefSeq:WP_000936285.1, SO:0001217, UniParc:UPI0001B22EDB, UniRef:UniRef100_C7S9M2, UniRef:UniRef50_C7S9M2, UniRef:UniRef90_C7S9M2",ltrA,ltrA,
plasmid1,cds,123567,123779,-,CS12_05068,,cds,Transporter,"RefSeq:WP_001348622.1, SO:0001217, UniParc:UPI0001E5B879, UniRef:UniRef100_A0A0A7Y3M0, UniRef:UniRef50_A0A0A7Y3M0, UniRef:UniRef90_A0A0A7Y3M0",Transporter,,
plasmid1,cds,123805,124017,-,CS12_05069,,cds,class I SAM-dependent methyltransferase,"SO:0001217, UniRef:UniRef50_UPI00127737C6, UniRef:UniRef90_UPI0031B73819",class I SAM-dependent methyltransferase,,
plasmid1,cds,124014,124370,-,CS12_05070,,cds,Class I SAM-dependent methyltransferase,"SO:0001217, UniParc:UPI0003BB371A, UniRef:UniRef100_A0A0G3B981, UniRef:UniRef50_A0A0G3B981, UniRef:UniRef90_A0A0G3B981",Class I SAM-dependent methyltransferase,,
plasmid1,cds,124418,125779,-,CS12_05071,,cds,DUF3560 domain-containing protein,"RefSeq:WP_000199439.1, SO:0001217, UniParc:UPI0001DCA8B8, UniRef:UniRef100_W8TTU9, UniRef:UniRef50_A0A085FYV5, UniRef:UniRef90_W8TTU9",DUF3560 domain-containing protein,,
plasmid1,cds,125831,126061,-,CS12_05072,ydaB,cds,YdaB,"RefSeq:WP_000218642.1, SO:0001217, UniParc:UPI00000B1EE0, UniRef:UniRef100_A0A7Z1J2L2, UniRef:UniRef50_A0A7Z1J2L2, UniRef:UniRef90_A0A7Z1J2L2",ydaB,ydaB,
plasmid1,ncRNA,126056,126152,+,CS12_05073,AS-pc01,ncRNA,Antisense to pHK01_035,"RFAM:RF02875, SO:0000644",AS-pc01,AS-pc01,
plasmid1,cds,127093,127284,-,CS12_05074,areA,cds,AreA,"RefSeq:WP_001027495.1, SO:0001217, UniParc:UPI00000B6A7A, UniRef:UniRef100_Q9S4W6, UniRef:UniRef50_A0A2P9EBF1, UniRef:UniRef90_Q9S4W6",areA,areA,
plasmid1,cds,127281,127703,-,CS12_05075,yubJ,cds,putative protein YubJ,"RefSeq:WP_000271685.1, SO:0001217, UniParc:UPI00000D42A3, UniRef:UniRef100_P0C243, UniRef:UniRef50_P0C243, UniRef:UniRef90_P0C243",yubJ,yubJ,
plasmid1,cds,127750,128175,-,CS12_05076,,cds,Antirestriction protein,"RefSeq:WP_001546490.1, SO:0001217, UniParc:UPI0002A22A1A, UniRef:UniRef100_A0A075ME17, UniRef:UniRef50_E7BTG5, UniRef:UniRef90_A0A075ME17",Antirestriction protein,,
plasmid1,cds,128589,129359,-,CS12_05077,yubG,cds,putative protein YubG,"RefSeq:WP_001006251.1, SO:0001217, UniParc:UPI00028E250A, UniRef:UniRef100_A0A0A7Y922, UniRef:UniRef50_Q9S4W9, UniRef:UniRef90_Q9S4W9",yubG,yubG,
plasmid1,cds,129404,129838,-,CS12_05078,,cds,DUF1380 domain-containing protein,"RefSeq:WP_001546462.1, SO:0001217, UniParc:UPI0002A35588, UniRef:UniRef100_A0A9Q9P3P9, UniRef:UniRef50_A0A1U8QFI4, UniRef:UniRef90_E9LLV9",DUF1380 domain-containing protein,,
plasmid1,cds,129852,130073,-,CS12_05079,yubE,cds,putative protein YubE,"RefSeq:WP_001104873.1, SO:0001217, UniParc:UPI0000495F93, UniRef:UniRef100_Q08JK0, UniRef:UniRef50_Q9S4X1, UniRef:UniRef90_Q9S4X1",yubE,yubE,
plasmid1,cds,130074,130757,-,CS12_05080,yubD,cds,Putative methylase YubD,"COG:COG0863, COG:L, EC:2.1.1.-, GO:0003677, GO:0008170, GO:0032259, RefSeq:WP_032181561.1, SO:0001217, UniParc:UPI0003DBAF7B, UniRef:UniRef100_A0A0E3V2I6, UniRef:UniRef50_Q9S4X2, UniRef:UniRef90_Q9S4X2",yubD,yubD,
plasmid1,cds,131142,132068,-,CS12_05081,yubB,cds,YubB ferredoxin-like domain-containing protein,"SO:0001217, UniParc:UPI0002A2B9D7, UniRef:UniRef100_A0A2R3NWH0, UniRef:UniRef50_Q9S4X4, UniRef:UniRef90_A0A2S4MRM3",yubB,yubB,
plasmid1,replicon,132782,139519,,,,repregion,,,,FIA 24,
plasmid1,cds,132782,133753,-,CS12_05082,sopA,cds,plasmid-partitioning protein SopA,"GO:0003677, GO:0030541, KEGG:K03496, RefSeq:WP_000817031.1, SO:0001217, UniParc:UPI0000001013, UniRef:UniRef100_P62558, UniRef:UniRef50_P62558, UniRef:UniRef90_P62558",sopA,sopB,UniProt BLAST
plasmid1,cds,133753,134919,-,CS12_05083,sopA,cds,plasmid-partitioning protein SopA,"COG:COG1192, COG:DN, GO:0030541, RefSeq:WP_000772446.1, SO:0001217, UniParc:UPI000011F05A, UniRef:UniRef100_P62556, UniRef:UniRef50_P62556, UniRef:UniRef90_P62556",sopA,sopA,UniProt BLAST
plasmid1,cds,135507,136262,-,CS12_05084,repE,cds,replication initiation protein RepE,"GO:0003677, GO:0003887, GO:0006270, GO:0006276, RefSeq:WP_000852146.1, SO:0001217, UniParc:UPI000011F059, UniRef:UniRef100_P03856, UniRef:UniRef50_P03856, UniRef:UniRef90_P03856",repE,repE,
plasmid1,oriV,136360,136983,,,,oriV,origin of replication,,oriC,oriV,
plasmid1,cds,136984,137790,-,CS12_05085,,cds,Tyr recombinase domain-containing protein,"RefSeq:WP_000016970.1, SO:0001217, UniParc:UPI0001DCA8C4, UniRef:UniRef100_A0A0B1FCZ5, UniRef:UniRef50_P06615, UniRef:UniRef90_A0A3S5FQE2",Tyr recombinase domain-containing protein,Tyr recombinase,
plasmid1,toxin,137791,138096,-,CS12_05086,ccdB,TA system,type II toxin-antitoxin system toxin CcdB,"KEGG:K19163, RefSeq:WP_001159871.1, SO:0001217, UniParc:UPI0000599212, UniRef:UniRef100_Q0H052, UniRef:UniRef50_Q46996, UniRef:UniRef90_Q0H052",ccdB,ccdB,
plasmid1,antitoxin,138098,138316,-,CS12_05087,ccdA,TA system,type II toxin-antitoxin system antitoxin CcdA,"RefSeq:WP_000813630.1, SO:0001217, UniParc:UPI000169EA8D, UniRef:UniRef100_A0A1L5JRF0, UniRef:UniRef50_Q0H051, UniRef:UniRef90_A0A1L5JRF0",ccdA,ccdA,
plasmid1,antitoxin,138876,139106,+,CS12_05088,vagC,TA system,VagC,"KEGG:K18829, RefSeq:WP_001261286.1, SO:0001217, UniParc:UPI0000495FAA, UniRef:UniRef100_D9Z541, UniRef:UniRef50_D9Z541, UniRef:UniRef90_D9Z541",vagC,vagC,
plasmid1,toxin,139118,139519,+,,vagD,TA system,type II TA system,tadb,vagD,vagD,
plasmid1,cds,139594,141159,+,CS12_05090,,cds,AAA family ATPase,"KEGG:K07459, RefSeq:WP_001128474.1, SO:0001217, UniParc:UPI0000495FA8, UniRef:UniRef100_B1P7N9, UniRef:UniRef50_A0A2V4FUF8, UniRef:UniRef90_B1P7N9",AAA family ATPase,,
plasmid1,cds,141144,142166,+,CS12_05091,uvrD,cds,Helicase UvrD,"RefSeq:WP_000361402.1, SO:0001217, UniParc:UPI0000495FA7, UniRef:UniRef100_B1P7P0, UniRef:UniRef50_A0A1Q9QUI2, UniRef:UniRef90_A0A2P9E6K1",uvrD,uvrD,
plasmid1,composite transposon,142404,159452,,,,Cn,,MobileElementFinder_inferred,cn_17048_ISKpn14,,
plasmid1,insertion sequence,142405,143161,-,,,IS,,,IS1A,IS1A,
plasmid1,cds,142420,142767,-,CS12_05092,tnp,cds,IS1 family transposase,"GO:0004803, SO:0001217, UniParc:UPI0002AA93C9, UniRef:UniRef100_A0A0B1FE47, UniRef:UniRef50_C7S9X9, UniRef:UniRef90_A0A0B1FE47",tnp,IS1A tnp,
plasmid1,cds,142831,143106,-,CS12_05093,tnp,cds,IS1 family IS1A transposase ORF A,"COG:COG3677, COG:X, GO:0004803, GO:0006313, IS:IS1A, RefSeq:WP_000179213.1, SO:0001217, UniParc:UPI00000009E0, UniRef:UniRef100_P0C652, UniRef:UniRef50_P0C652, UniRef:UniRef90_P0C652",tnp,tnp orfA,
plasmid1,cds,143632,145833,-,CS12_05094,iutA,virulence,ferric aerobactin receptor IutA,"GO:0009279, GO:0015344, GO:0019271, GO:0038023, NCBIProtein:AAN45165.2, RefSeq:WP_000973519.1, SO:0001217, UniParc:UPI0000505216, UniRef:UniRef100_Q3L7J1, UniRef:UniRef50_P14542, UniRef:UniRef90_P14542, VFDB:VFC0272, VFDB:VFG048621",iutA,iutA,
plasmid1,cds,145915,147192,-,CS12_05095,iucD,virulence,NADPH-dependent L-lysine N(6)-monooxygenase IucD,"EC:1.14.13.59, GO:0005737, GO:0005886, GO:0006881, GO:0019270, GO:0047091, KEGG:K03897, NCBIProtein:AAD44749.1, RefSeq:WP_000750130.1, SO:0001217, UniParc:UPI000012DA73, UniRef:UniRef100_P11295, UniRef:UniRef50_P11295, UniRef:UniRef90_P11295, VFDB:VFC0272, VFDB:VFG000937",iucD,iucD,
plasmid1,cds,147189,148931,-,CS12_05096,iucC,virulence,NIS family aerobactin synthetase IucC,"BlastRules:WP_001015709, EC:6.3.2.39, GO:0005524, GO:0006881, GO:0016740, GO:0019270, GO:0019290, GO:0050565, KEGG:K03895, NCBIProtein:AAN82073.1, RefSeq:WP_001015721.1, SO:0001217, UniParc:UPI0000505217, UniRef:UniRef100_Q3L7J3, UniRef:UniRef50_Q47318, UniRef:UniRef90_Q47318",iucC,iucC,
plasmid1,cds,148931,149878,-,CS12_05097,iucB,virulence,N(6)-hydroxylysine O-acetyltransferase IucB,"BlastRules:WP_001287497, EC:2.3.1.102, GO:0005737, GO:0005886, GO:0006881, GO:0016410, GO:0019270, GO:0019290, GO:0050133, NCBIProtein:AAN82074.1, RefSeq:WP_000011908.1, SO:0001217, UniParc:UPI000034EB62, UniRef:UniRef100_Q6Q7P1, UniRef:UniRef50_Q47317, UniRef:UniRef90_Q47317",iucB,iucB,
plasmid1,cds,149879,151603,-,CS12_05098,iucA,virulence,aerobactin synthase IucA,"BlastRules:WP_001314127, EC:6.3.2.38, GO:0005524, GO:0006881, GO:0016740, GO:0019270, GO:0019290, GO:0050565, KEGG:K03894, NCBIProtein:EGI25746.1, RefSeq:WP_000602863.1, SO:0001217, UniParc:UPI0000505218, UniRef:UniRef100_A0A1X0PBQ9, UniRef:UniRef50_Q47316, UniRef:UniRef90_Q47316",iucA,iucA,
plasmid1,cds,151739,152932,+,CS12_05099,shiF,cds,ShiF,"RefSeq:WP_000095526.1, SO:0001217, UniParc:UPI0000505219, UniRef:UniRef100_B1P7H9, UniRef:UniRef50_A9MJG5, UniRef:UniRef90_A0A8A5TI81",shiF,shiF,
plasmid1,cds,153312,153692,-,CS12_05100,crcB,cds,fluoride efflux transporter CrcB,"GO:0005886, GO:0016020, GO:0046872, GO:0062054, GO:0140114, RefSeq:WP_001318207.1, SO:0001217, UniParc:UPI0000367D31, UniRef:UniRef100_B7LI20, UniRef:UniRef50_B7LI20, UniRef:UniRef90_B7LI20",crcB,crcB,
plasmid1,cds,153764,153979,-,CS12_05101,,cds,(pseudo) hypothetical protein,"RefSeq:WP_000643641.1, SO:0001217, UniParc:UPI000169EA9A, UniRef:UniRef100_T2K1J6, UniRef:UniRef50_A0A0H3ETP5, UniRef:UniRef90_A0A0H3ETP5, UniRef:UniRef90_T2K1J6",(pseudo) hypothetical protein,,
plasmid1,cds,154033,154467,-,CS12_05102,,cds,Enolase,"SO:0001217, UniParc:UPI0000367D30, UniRef:UniRef100_Q6J5N5, UniRef:UniRef50_A0A2E7E660, UniRef:UniRef90_Q6J5N5",Enolase,,
plasmid1,cds,154935,155792,-,CS12_05103,sitD,cds,iron/manganese ABC transporter permease subunit SitD,"BlastRules:WP_000480208, BlastRules:WP_032491457, KEGG:K11606, RefSeq:WP_000968139.1, SO:0001217, UniParc:UPI0000376515, UniRef:UniRef100_Q3L7K1, UniRef:UniRef50_Q3L7K1, UniRef:UniRef90_Q3L7K1",sitD,sitD,
plasmid1,cds,155789,156646,-,CS12_05104,sitC,cds,iron/manganese ABC transporter permease subunit SitC,"BlastRules:WP_001101723, BlastRules:WP_001104336, COG:COG1108, COG:P, KEGG:K11605, RefSeq:WP_001101723.1, SO:0001217, UniParc:UPI0000367D2D, UniRef:UniRef100_Q6J5N8, UniRef:UniRef50_Q56954, UniRef:UniRef90_Q6J5N8",sitC,sitC,
plasmid1,cds,156643,157470,-,CS12_05105,sitB,cds,iron/manganese ABC transporter ATP-binding protein SitB,"BlastRules:WP_000083153, BlastRules:WP_032491456, COG:COG1121, COG:P, GO:0005524, RefSeq:WP_000983710.1, SO:0001217, UniParc:UPI00005C4D29, UniRef:UniRef100_Q3L7K3, UniRef:UniRef50_Q3L7K3, UniRef:UniRef90_Q3L7K3",sitB,sitB,
plasmid1,cds,157470,158384,-,CS12_05106,sitA,virulence,iron/manganese ABC transporter substrate-binding protein SitA,"BlastRules:WP_000182930, BlastRules:WP_000949004, COG:COG0803, COG:P, KEGG:K11604, RefSeq:WP_000949005.1, SO:0001217, UniParc:UPI0001E8D4CF, UniRef:UniRef100_A0A0A7Y2M3, UniRef:UniRef50_Q56952, UniRef:UniRef90_Q6J5P0",sitA,sitA,
plasmid1,insertion sequence,158685,159452,+,,,IS,,,IS1A,IS1A,
plasmid1,cds,158740,159015,+,CS12_05107,tnp,cds,IS1 family IS1A transposase ORF A,"COG:COG3677, COG:X, GO:0004803, GO:0006313, IS:IS1A, RefSeq:WP_000179213.1, SO:0001217, UniParc:UPI00000009E0, UniRef:UniRef100_P0C652, UniRef:UniRef50_P0C652, UniRef:UniRef90_P0C652",tnp,tnp orfA,
plasmid1,cds,159060,159437,+,CS12_05108,,cds,IS1 family transposase,"GO:0004803, RefSeq:WP_000344405.1, SO:0001217, UniParc:UPI000000E2D9, UniRef:UniRef100_B1VCF3, UniRef:UniRef50_P0CF25, UniRef:UniRef90_B1VCF3",IS1 family transposase,IS1A tnp,
plasmid1,cds,159617,159868,-,CS12_05109,impB,cds,Protein ImpB,"GO:0003684, GO:0003887, GO:0005829, GO:0009432, GO:0042276, KEGG:K03502, RefSeq:WP_000643589.1, SO:0001217, UniParc:UPI00016A24B8, UniRef:UniRef100_W0FJ15, UniRef:UniRef50_P18642, UniRef:UniRef90_P18642",impB,impB,
plasmid1,cds,160264,160620,-,CS12_05110,,cds,Transposase,"SO:0001217, UniParc:UPI0000003E07, UniRef:UniRef100_Q849X1, UniRef:UniRef50_D4BKD4, UniRef:UniRef90_Q849X1",tnp,tnp,
plasmid1,insertion sequence,160297,160721,-,,,IS,,,IS640,IS640,
plasmid1,cds,160661,160957,+,CS12_05111,,cds,Lipoprotein,"RefSeq:WP_001332053.1, SO:0001217, UniParc:UPI0000495FA5, UniRef:UniRef100_Q3L7I5, UniRef:UniRef50_Q08JM6, UniRef:UniRef90_Q3L7I5",Lipoprotein,,
plasmid1,replicon,161337,161365,,,,repregion,,,,FIB 1,
